,Accuracy,Precision,Recall
0,0.8333333333333334,0.3333333333333333,0.041666666666666664
1,0.8333333333333334,0.0,0.0
2,0.9133333333333333,0.0,0.0
3,0.8466666666666667,0.5,0.043478260869565216
4,0.86,0.25,0.05263157894736842
